<?xml version="1.0" encoding="UTF-8"?>
<project-private xmlns="http://www.netbeans.org/ns/project-private/1">
    <editor-bookmarks xmlns="http://www.netbeans.org/ns/editor-bookmarks/2" lastBookmarkId="0"/>
    <open-files xmlns="http://www.netbeans.org/ns/projectui-open-files/2">
        <group>
            <file>file:/C:/JAVA/Ngô%20Quang%20Chỉnh/Bài%20Tập%20Lớn%20Nhóm6/src/view/QLhocsinhtieuhoc.java</file>
            <file>file:/C:/JAVA/Ngô%20Quang%20Chỉnh/Bài%20Tập%20Lớn%20Nhóm6/src/Model/HocSinh.java</file>
            <file>file:/C:/JAVA/Ngô%20Quang%20Chỉnh/Bài%20Tập%20Lớn%20Nhóm6/src/Controler/DAOhs.java</file>
        </group>
    </open-files>
</project-private>
